TURBINE,Stat Inspections - 2024 - Annual stats Planned start,Stat Inspections - 2024 - Annual stats Start Date,Stat Inspections - 2024 - Annual Stats Completion Date,Stat Inspections - 2024 - P6 Updated,Stat Inspections - 2024 - Semi annual stats Planned start,Stat Inspections - 2024 - Semi annual stats Completed,Stat Inspections - 2024 - P6 Updated (2),Stat Inspections - 2024,Stat inspections - 2025 - Annual stats Planned start,Stat inspections - 2025 - Annual stats Start Date,Stat inspections - 2025 - Annual Stats Completion Date,Stat inspections - 2025,Stat inspections - 2025 - P6 Updated,Stat inspections - 2025 - Semi Annual stats AAT Planned Date,Stat inspections - 2025 - Semi Annual stats Date,Stat inspections - 2025 - Annual stats Planned start (2),TD??????? - Tower platform repair - Annual stats Start Date,TD??????? - Tower platform repair - Annual Stats Completion Date,TD??????? - Tower platform repair - P6 Updated,Stat Inspections-2026,Stat Inspections-2026 - Annual stats Planned start,Stat Inspections-2026 (2),Stat Inspections-2026 - Annual stats Start Date,Stat Inspections-2026 - Annual Stats Completion Date,Stat Inspections-2026 - P6 Updated,Stat Inspections-2026 - 10yr Lift Inspection,Stat Inspections-2026 - P6
A01,2024-05-22,2024-05-23,2024-05-30,y,2024-11-23,2024-11-26,y,,2025-05-25,2025-05-12,2025-05-12,,Y,2025-11-06,2025-11-06,2025-05-25,2025-05-12,2025-05-12,Y,,2026-04-29,,2026-05-06,2026-05-06,Y,,
A02,2024-06-13,2024-06-11,2024-06-11,y,2024-12-11,2024-12-03,y,,2025-06-06,2025-05-26,2025-06-04,,Y,2025-11-19,2025-11-20,2025-06-06,2025-05-26,2025-06-04,Y,,2026-05-11,,2026-05-18,2026-05-18,Y,,
A03,2024-06-27,2024-06-21,2024-06-21,y,2024-12-21,2024-12-16,y,,2025-06-16,2025-06-06,2025-06-06,,Y,2025-12-02,2025-12-02,2025-06-16,2025-06-06,2025-06-06,Y,,2026-05-19,,2026-05-29,2026-05-29,Y,,
A04,2024-06-16,2024-06-21,2024-06-21,y,2024-12-21,2024-12-16,y,,2025-06-16,2025-05-23,2025-05-23,,Y,2025-11-18,2025-11-19,2025-06-16,2025-05-23,2025-05-23,Y,,2026-05-07,,2026-05-14,2026-05-14,Y,,
A05,2024-06-08,2024-06-06,2024-06-06,y,2024-12-06,2024-12-02,y,,2025-06-01,2025-05-22,2025-05-22,,Y,2025-11-18,2025-11-19,2025-06-01,2025-05-22,2025-05-22,Y,,2026-05-07,,2026-05-15,2026-05-15,Y,,
A06,2024-04-14,2024-04-15,2024-04-15,y,2024-10-15,2024-10-04,y,,2025-04-10,2025-04-04,2025-04-04,,Y,2025-09-26,2025-09-26,2025-04-10,2025-04-04,2025-04-04,Y,,2026-03-30,,2026-03-30,2026-04-01,Y,,
A07,2024-06-27,2024-06-05,2024-07-01,y,2024-12-05,2024-11-29,y,,2025-05-31,2025-05-23,2025-05-23,,Y,2025-11-18,2025-11-19,2025-05-31,2025-05-23,2025-05-23,Y,,2026-05-08,,2026-05-14,2026-05-15,Y,,
A08,2024-06-30,2024-06-20,2024-06-20,y,2024-12-20,2024-12-17,y,,2025-06-15,2025-05-26,2025-06-03,,Y,2025-11-19,2025-11-20,2025-06-15,2025-05-26,2025-06-03,Y,,2026-05-11,,2026-05-19,2026-05-19,Y,,
A09,2024-04-28,2024-04-22,2024-04-22,y,2024-10-22,2024-10-21,y,,2025-04-19,2025-04-16,2025-04-16,,Y,2025-10-07,2025-10-07,2025-04-19,2025-04-16,2025-04-16,Y,,2026-04-06,,2026-04-08,2026-04-24,Y,,
A10,2024-04-20,2024-04-25,2024-04-25,y,2024-10-25,2024-10-23,y,,2025-04-21,2025-04-22,2025-04-22,,Y,2025-10-09,2025-10-09,2025-04-21,2025-04-22,2025-04-22,Y,,2026-04-10,,2026-04-10,2026-04-24,Y,,
B11,2024-05-26,2024-05-24,2024-05-31,y,2024-11-24,2024-11-27,y,,2025-05-26,2025-05-09,2025-05-09,,Y,2025-10-24,2025-10-22,2025-05-26,2025-05-09,2025-05-09,Y,,2026-04-22,,2026-04-24,2026-04-24,Y,,
B12,2024-06-28,2024-06-19,2024-06-19,y,2024-12-19,2024-12-06,y,,2025-06-14,2025-05-29,2025-05-29,,Y,2025-11-26,2025-11-26,2025-06-14,2025-05-29,2025-05-29,Y,,2026-05-15,,2026-05-25,2026-05-25,Y,,
B13,2024-06-26,2024-06-19,2024-06-19,y,2024-12-19,2024-12-17,y,,2025-06-15,2025-06-04,2025-06-05,,Y,2025-12-02,2025-12-02,2025-06-15,2025-06-04,2025-06-05,Y,,2026-05-19,,2026-06-02,2026-06-02,Y,,
B14,2024-05-26,2024-05-27,2024-07-01,y,2024-11-27,2024-11-27,y,,2025-05-26,2025-05-19,2025-05-19,,Y,2025-11-17,2025-11-19,2025-05-26,2025-05-19,2025-05-19,Y,,2026-05-06,,2026-05-18,2026-05-18,Y,,
B15,2024-05-05,2024-05-02,2024-05-02,y,2024-11-02,2024-10-23,y,,2025-04-27,2025-04-22,2025-04-22,,Y,2025-10-10,2025-10-10,2025-04-27,2025-04-22,2025-04-22,Y,,2026-04-13,,2026-04-14,2026-04-28,Y,,
B16,2024-06-22,2024-06-04,2024-07-03,y,2024-12-04,2024-09-30,y,,2025-05-30,2025-03-27,2025-03-28,,Y,2025-09-23,2025-09-23,2025-05-30,2025-03-27,2025-03-28,Y,,2026-03-19,,2026-03-19,2026-03-19,Y,,
B17,2024-04-27,2024-04-23,2024-04-23,y,2024-10-23,2024-10-21,y,,2025-04-19,2025-04-18,2025-04-18,,Y,2025-10-08,2025-10-08,2025-04-19,2025-04-18,2025-04-18,Y,,2026-04-07,,2026-04-10,2026-04-28,Y,,
B18,2024-07-12,2024-06-20,2024-06-20,y,2024-12-20,2024-12-16,y,,2025-06-15,2025-06-06,2025-06-06,,Y,2025-12-02,2025-12-02,2025-06-15,2025-06-06,2025-06-06,Y,,2026-05-20,,2026-06-02,2026-06-02,Y,,
C19,2024-04-14,2024-04-16,2024-04-16,y,2024-10-16,2024-10-04,y,,2025-04-11,2025-04-04,2025-04-07,,Y,2025-09-26,2025-09-26,2025-04-11,2025-04-04,2025-04-07,Y,,2026-03-30,,2026-03-30,2026-04-01,Y,,
C20,2024-04-17,2024-04-16,2024-04-16,y,2024-10-16,2024-10-04,y,,2025-04-11,2025-04-07,2025-04-08,,Y,2025-09-26,2025-09-26,2025-04-11,2025-04-07,2025-04-08,Y,,2026-03-31,,2026-04-02,2026-04-02,Y,,
C21,2024-06-30,2024-06-24,2024-06-24,y,2024-12-24,2024-12-17,y,,2025-06-19,2025-06-10,2025-06-10,,Y,2025-12-03,2025-12-03,2025-06-19,2025-06-10,2025-06-10,Y,,2026-05-21,,2026-06-01,2026-06-01,Y,,
C22,2024-06-21,2024-06-05,2024-07-04,y,2024-12-05,2024-12-03,y,,2025-06-01,2025-05-27,2025-05-27,,Y,2025-11-19,2025-11-20,2025-06-01,2025-05-27,2025-05-27,Y,,2026-05-12,,2026-05-19,2026-05-19,Y,,
C23,2024-07-03,2024-06-24,2024-06-24,y,2024-12-24,2024-12-17,y,,2025-06-19,2025-06-10,2025-06-10,,Y,2025-12-03,2025-12-03,2025-06-19,2025-06-10,2025-06-10,Y,,2026-05-22,,2026-06-01,2026-06-01,Y,,
C24,2024-06-13,2024-06-25,2024-06-25,y,2024-12-25,2024-10-15,y,,2025-06-20,2025-04-15,2025-05-06,,Y,2025-10-07,2025-10-07,2025-06-20,2025-04-15,2025-05-06,Y,,2026-04-03,,2026-04-07,2026-04-13,Y,,
C25,2024-06-21,2024-06-05,2024-06-26,y,2024-12-05,2024-12-02,y,,2025-05-31,2025-05-27,2025-05-27,,Y,2025-11-19,2025-11-20,2025-05-31,2025-05-27,2025-05-27,Y,,2026-05-12,,2026-05-20,2026-05-20,Y,,
C26,2024-06-22,2024-06-10,2024-06-10,y,2024-12-10,2024-12-05,y,,2025-06-05,2025-05-28,2025-05-28,,Y,2025-11-20,2025-11-21,2025-06-05,2025-05-28,2025-05-28,Y,,2026-05-13,,2026-05-22,2026-05-22,Y,,
D27,2024-06-02,2024-05-29,2024-06-26,y,2024-11-29,2024-11-28,y,,2025-05-27,2025-05-14,2025-05-14,,Y,2025-11-06,2025-11-06,2025-05-27,2025-05-14,2025-05-14,Y,,2026-04-30,,2026-05-07,2026-05-07,Y,,
D28,2024-04-28,2024-04-30,2024-04-30,y,2024-10-30,2024-10-24,y,,2025-04-25,2025-04-23,2025-04-23,,Y,2025-10-10,2025-10-10,2025-04-25,2025-04-23,2025-04-23,Y,,2026-04-13,,2026-04-14,2026-05-28,Y,,
D29,2024-05-17,2024-05-20,2024-05-20,y,2024-11-20,2024-11-20,y,,2025-05-19,2025-05-05,2025-05-05,,Y,2025-10-23,2025-10-23,2025-05-19,2025-05-05,2025-05-05,Y,,2026-04-23,,2026-04-29,2026-04-29,Y,,
D30,2024-06-26,2024-06-10,2024-06-10,y,2024-12-10,2024-12-03,y,,2025-06-05,2025-05-28,2025-05-28,,Y,2025-11-20,2025-11-21,2025-06-05,2025-05-28,2025-05-28,Y,,2026-05-13,,2026-05-21,2026-05-21,Y,,
D31,2024-05-24,2024-05-16,2024-05-16,y,2024-11-16,2024-11-18,y,,2025-05-17,2025-05-01,2025-05-01,,Y,2025-10-22,2025-10-24,2025-05-17,2025-05-01,2025-05-01,Y,,2026-04-27,,2026-05-01,2026-05-01,Y,,
D32,2024-06-16,2024-06-13,2024-06-13,y,2024-12-13,2024-12-05,y,,2025-06-08,2025-05-29,2025-05-29,,Y,2025-11-20,2025-11-21,2025-06-08,2025-05-29,2025-05-29,Y,,2026-05-14,,2026-05-22,2026-05-22,Y,,
D33,2024-06-19,2024-06-07,2024-06-07,y,2024-12-07,2024-12-02,y,,2025-06-02,2025-05-20,2025-05-20,,Y,2025-11-17,2025-11-18,2025-06-02,2025-05-20,2025-05-20,Y,,2026-05-05,,2026-05-13,2026-05-13,Y,,
D34,2024-06-20,2024-06-07,2024-06-07,y,2024-12-07,2024-12-02,y,,2025-06-02,2025-05-20,2025-05-21,,Y,2025-11-17,2025-11-18,2025-06-02,2025-05-20,2025-05-21,Y,,2026-05-06,,2026-05-13,2026-05-13,Y,,
D35,2024-04-10,2024-04-10,2024-04-10,y,2024-10-10,2024-10-02,y,,2025-04-05,2025-03-28,2025-03-31,,Y,2025-09-23,2025-09-23,2025-04-05,2025-03-28,2025-03-31,Y,,2026-03-20,,2026-03-20,2026-03-20,Y,,
D36,2024-06-07,2024-05-15,2024-05-15,y,2024-11-15,2024-11-18,y,,2025-05-17,2025-04-30,2025-05-01,,Y,2025-09-22,2025-09-24,2025-05-17,2025-04-30,2025-05-01,Y,,2026-03-25,,2026-03-25,2026-03-26,Y,,
E37,2024-05-22,2024-05-23,2024-06-26,y,2024-11-23,2024-11-26,y,,2025-05-25,2025-05-12,2025-06-03,,Y,2025-11-26,2025-11-26,2025-05-25,2025-05-12,2025-06-03,Y,,2026-05-18,,2026-05-26,2026-05-26,Y,,
E38,2024-06-05,2024-05-29,2024-07-08,y,2024-11-29,2024-11-28,y,,2025-05-27,2025-05-16,2025-05-16,,Y,2025-11-07,2025-11-07,2025-05-27,2025-05-16,2025-05-16,Y,,2026-05-04,,2026-05-12,2026-05-12,Y,,
E39,2024-06-06,2024-05-30,2024-05-30,y,2024-11-30,2024-11-28,y,,2025-05-27,2025-05-16,2025-05-16,,Y,2025-11-07,2025-11-07,2025-05-27,2025-05-16,2025-05-16,Y,,2026-05-04,,2026-05-12,2026-06-04,Y,,
E40,2024-06-06,2024-05-30,2024-05-30,y,2024-11-30,2024-11-29,y,,2025-05-28,2025-05-19,2025-05-19,,Y,2025-11-17,2025-11-18,2025-05-28,2025-05-19,2025-05-19,Y,,2026-05-05,,2026-05-14,2026-05-14,Y,2026-05-27,
E41,2024-04-12,2024-04-10,2024-04-10,y,2024-10-10,2024-10-02,y,,2025-04-05,2025-03-31,2025-03-31,,Y,2025-09-24,2025-09-24,2025-04-05,2025-03-31,2025-03-31,Y,,2026-03-24,,2026-03-24,2026-03-24,Y,,
E42,2024-04-05,2024-04-10,2024-04-10,y,2024-10-10,2024-10-01,y,,2025-04-05,2025-03-28,2025-03-31,,Y,2025-09-24,2025-09-23,2025-04-05,2025-03-28,2025-03-31,Y,,2026-03-20,,2026-03-20,2026-03-20,Y,,
E43,2024-04-06,2024-04-03,2024-04-03,y,2024-10-03,2024-10-01,y,,2025-03-30,2025-03-25,2025-03-26,,Y,2025-09-22,2025-09-24,2025-03-30,2025-03-25,2025-03-26,Y,,2026-03-23,,2026-03-23,2026-03-23,Y,,
E44,2024-05-12,2024-05-24,2024-07-12,y,2024-11-24,2024-11-27,y,,2025-05-26,2025-05-09,2025-05-09,,Y,2025-10-24,2025-10-22,2025-05-26,2025-05-09,2025-05-09,Y,,2026-04-22,,2026-04-27,2026-04-29,Y,,
E45,2024-05-24,2024-05-16,2024-05-16,y,2024-11-16,2024-11-11,y,,2025-05-11,2025-04-30,2025-04-30,,Y,2025-10-21,2025-10-21,2025-05-11,2025-04-30,2025-04-30,Y,,2026-04-17,,2026-04-23,2026-04-23,Y,,
E46,2024-06-07,2024-07-12,2024-07-12,y,2025-01-12,2024-12-18,y,,2025-07-07,2025-06-11,2025-06-11,,Y,2025-12-03,2025-12-03,2025-07-07,2025-06-11,2025-06-11,Y,,2026-05-22,,2026-06-05,2026-06-05,Y,,
F47,2024-04-05,2024-04-03,2024-04-03,y,2024-10-03,2024-10-15,y,,2025-04-13,2025-04-03,2025-04-03,,Y,2025-09-25,2025-09-23,2025-04-13,2025-04-03,2025-04-03,Y,,2026-03-23,,2026-03-23,2026-03-23,Y,,
F48,2024-06-07,2024-06-14,2024-06-14,y,2024-12-14,2024-12-06,y,,2025-06-09,2025-05-30,2025-05-30,,Y,2025-11-21,2025-11-21,2025-06-09,2025-05-30,2025-05-30,Y,,2026-05-14,,2026-05-25,2026-05-26,Y,,
F49,2024-04-03,2024-04-01,2024-04-01,y,2024-10-01,2024-09-30,y,,2025-03-29,2025-03-25,2025-03-25,,Y,2025-09-22,2025-09-22,2025-03-29,2025-03-25,2025-03-25,Y,,2026-03-18,,2026-03-18,2026-03-18,Y,FAIL,
F50,2024-05-11,2024-05-10,2024-05-10,y,2024-11-10,2024-10-24,y,,2025-05-05,2025-04-24,2025-04-24,,Y,2025-10-10,2025-10-10,2025-05-05,2025-04-24,2025-04-24,Y,,2026-04-14,,2026-04-14,2026-05-29,Y,2026-05-27,
F51,2024-05-10,2024-05-08,2024-05-08,y,2024-11-08,2024-10-24,y,,2025-05-03,2025-04-25,2025-04-25,,Y,2025-10-20,2025-10-20,2025-05-03,2025-04-25,2025-04-25,Y,,2026-04-15,,2026-04-20,2026-04-20,Y,2026-05-27,
F52,2024-05-18,2024-05-23,2024-07-03,y,2024-11-23,2024-11-26,y,,2025-05-25,2025-05-14,2025-05-14,,Y,2025-11-06,2025-11-06,2025-05-25,2025-05-14,2025-05-14,Y,,2026-04-30,,2026-05-07,2026-05-07,Y,2026-05-27,
F53,2024-05-25,2024-05-15,2024-07-08,y,2024-11-15,2024-11-18,y,,2025-05-17,2025-05-01,2025-05-01,,Y,2025-10-22,2025-10-20,2025-05-17,2025-05-01,2025-05-01,Y,,2026-04-16,,2026-04-21,2026-04-21,Y,,
F54,2024-05-31,2024-05-06,2024-05-06,y,2024-11-06,2024-10-25,y,,2025-05-01,2025-04-25,2025-04-25,,Y,2025-10-20,2025-10-20,2025-05-01,2025-04-25,2025-04-25,Y,,2026-04-16,,2026-04-22,2026-04-22,Y,2026-05-27,
F55,2024-04-07,2024-04-05,2024-04-05,y,2024-10-05,2024-10-01,y,,2025-03-31,2025-03-27,2025-03-27,,Y,2025-09-23,2025-09-22,2025-03-31,2025-03-27,2025-03-27,Y,,2026-03-19,,2026-03-19,2026-03-19,Y,,
F56,2024-05-11,2024-05-09,2024-05-09,y,2024-11-09,2024-10-25,y,,2025-05-04,2025-04-28,2025-04-28,,Y,2025-10-20,2025-10-21,2025-05-04,2025-04-28,2025-04-28,Y,,2026-04-20,,2026-04-23,2026-04-23,Y,,
G57,2024-05-25,2024-05-24,2024-07-10,y,2024-11-24,2024-11-26,y,,2025-05-25,2025-05-15,2025-05-21,,Y,2025-11-07,2025-11-07,2025-05-25,2025-05-15,2025-05-21,Y,,2026-05-01,,2026-05-08,2026-05-08,Y,,
G58,2024-05-19,2024-05-22,2024-07-02,y,2024-11-22,2024-11-20,y,,2025-05-19,2025-05-07,2025-05-07,,Y,2025-10-23,2025-10-23,2025-05-19,2025-05-07,2025-05-07,Y,,2026-04-24,,2026-04-29,2026-04-29,Y,,
G59,2024-06-01,2024-05-28,2024-07-02,y,2024-11-28,2024-11-27,y,,2025-05-26,2025-05-15,2025-05-15,,Y,2025-11-07,2025-11-07,2025-05-26,2025-05-15,2025-05-15,Y,,2026-05-01,,2026-05-11,2026-05-11,Y,,
G60,2024-04-06,2024-04-04,2024-04-04,y,2024-10-04,2024-10-14,y,,2025-04-12,2025-04-09,2025-04-10,,Y,2025-10-06,2025-10-06,2025-04-12,2025-04-09,2025-04-10,Y,,2026-04-01,,2026-04-03,2026-04-03,Y,,
G61,2024-05-01,2024-04-24,2024-04-24,y,2024-10-24,2024-10-21,y,,2025-04-19,2025-04-18,2025-04-18,,Y,2025-10-08,2025-10-08,2025-04-19,2025-04-18,2025-04-18,Y,,2026-04-08,,2026-04-09,2026-04-16,Y,,
G62,2024-06-20,2024-06-13,2024-06-13,y,2024-12-13,2024-12-05,y,,2025-06-08,2025-04-17,2025-04-17,,Y,2025-10-08,2025-10-08,2025-06-08,2025-04-17,2025-04-17,Y,,2026-04-07,,2026-04-09,2026-05-14,Y,,
G63,2024-06-15,2024-06-17,2024-06-17,y,2024-12-17,2024-12-06,y,,2025-06-12,2025-06-02,2025-06-02,,Y,2025-11-26,2025-11-26,2025-06-12,2025-06-02,2025-06-02,Y,,2026-05-18,,2026-05-27,2026-05-27,Y,,
G64,2024-04-07,2024-04-05,2024-04-05,y,2024-10-05,2024-10-02,y,,2025-03-31,2025-04-02,2025-04-02,,Y,2025-09-25,2025-09-25,2025-03-31,2025-04-02,2025-04-02,Y,,2026-03-26,,2026-03-27,2026-03-27,Y,,
G65,2024-05-10,2024-05-02,2024-05-02,y,2024-11-02,2024-10-24,y,,2025-04-27,2025-04-24,2025-04-24,,Y,2025-10-20,2025-10-20,2025-04-27,2025-04-24,2025-04-24,Y,,2026-04-15,,2026-04-22,2026-04-22,Y,,
G66,2024-04-10,2024-04-11,2024-04-11,y,2024-10-11,2024-10-03,y,,2025-04-06,2025-04-01,2025-04-01,,Y,2025-09-24,2025-09-25,2025-04-06,2025-04-01,2025-04-01,Y,,2026-03-26,,2026-03-27,2026-03-27,Y,,
H67,2024-04-04,2024-04-02,2024-04-02,y,2024-10-02,2024-09-30,y,,2025-03-29,2025-03-25,2025-03-25,,Y,2025-09-22,2025-09-22,2025-03-29,2025-03-25,2025-03-25,Y,,2026-03-24,,2026-03-24,2026-03-24,Y,,
H68,2024-05-15,2024-05-03,2024-05-03,y,2024-11-03,2024-10-23,y,,2025-04-28,2025-04-23,2025-04-23,,Y,2025-10-10,2025-10-10,2025-04-28,2025-04-23,2025-04-23,Y,,2026-04-14,,2026-04-14,2026-05-08,Y,,
H69,2024-06-01,2024-05-10,2024-06-17,y,2024-11-10,2024-11-11,y,,2025-05-10,2025-04-29,2025-04-29,,Y,2025-10-21,2025-10-21,2025-05-10,2025-04-29,2025-04-29,Y,,2026-04-17,,2026-04-24,2026-04-24,Y,,
H70,2024-04-13,2024-04-11,2024-04-11,y,2024-10-11,2024-10-03,y,,2025-04-06,2025-04-01,2025-04-01,,Y,2025-09-24,2025-09-24,2025-04-06,2025-04-01,2025-04-01,Y,,2026-03-25,,2026-03-26,2026-03-26,Y,,
H71,2024-04-13,2024-04-12,2024-04-12,y,2024-10-12,2024-10-03,y,,2025-04-07,2025-04-02,2025-04-02,,Y,2025-09-25,2025-09-25,2025-04-07,2025-04-02,2025-04-02,Y,,2026-03-27,,2026-03-30,2026-03-31,Y,,
H72,2024-05-08,2024-04-01,2024-04-01,y,2024-10-01,2024-09-30,y,,2025-03-29,2025-03-26,2025-03-26,,Y,2025-09-23,2025-09-22,2025-03-29,2025-03-26,2025-03-26,Y,,2026-03-18,,2026-03-18,2026-03-18,Y,,
H73,2024-05-15,2024-05-20,2024-05-20,y,2024-11-20,2024-11-19,y,,2025-05-18,2025-05-02,2025-05-02,,Y,2025-10-22,2025-10-21,2025-05-18,2025-05-02,2025-05-02,Y,,2026-04-20,,2026-04-27,2026-04-27,Y,,
H74,2024-05-09,2024-04-19,2024-04-19,y,2024-10-19,2024-10-15,y,,2025-04-14,2025-04-14,2025-04-14,,Y,2025-10-06,2025-10-06,2025-04-14,2025-04-14,2025-04-14,Y,,2026-04-02,,2026-04-06,2026-04-08,Y,,
H75,2024-04-04,2024-04-04,2024-04-04,y,2024-10-04,2024-10-14,y,,2025-04-12,2025-04-08,2025-04-10,,Y,2025-09-26,2025-09-26,2025-04-12,2025-04-08,2025-04-10,Y,,2026-03-31,,2026-04-02,2026-04-02,Y,,
H76,2024-06-09,2024-06-03,2024-06-03,y,2024-12-03,2024-11-29,y,,2025-05-29,2025-05-22,2025-05-22,,Y,2025-11-18,2025-11-20,2025-05-29,2025-05-22,2025-05-22,Y,,2026-05-08,,2026-05-21,2026-05-21,Y,,
I77,2024-04-17,2024-04-17,2024-04-17,y,2024-10-17,2024-10-14,y,,2025-04-12,2025-04-11,2025-04-11,,Y,2025-10-06,2025-10-06,2025-04-12,2025-04-11,2025-04-11,Y,,2026-04-01,,2026-04-07,2026-04-16,Y,2026-05-27,
I78,2024-05-01,2024-04-25,2024-04-25,y,2024-10-25,2024-10-22,y,,2025-04-20,2025-04-20,2025-04-20,,Y,2025-10-09,2025-10-09,2025-04-20,2025-04-20,2025-04-20,Y,,2026-04-09,,2026-04-10,2026-05-15,Y,,
I79,2024-04-12,2024-04-12,2024-04-12,y,2024-10-12,2024-10-03,y,,2025-04-07,2025-04-03,2025-04-03,,Y,2025-09-25,2025-09-25,2025-04-07,2025-04-03,2025-04-03,Y,,2026-03-27,,2026-03-30,2026-03-31,Y,2026-05-27,
I80,2024-06-12,2024-06-11,2024-06-11,y,2024-12-11,2024-12-05,y,,2025-06-06,2025-06-09,2025-06-09,,Y,2025-12-02,2025-12-02,2025-06-06,2025-06-09,2025-06-09,Y,,2026-05-20,,2026-06-03,2026-06-03,Y,2026-05-27,
I81,2024-05-03,2024-04-23,2024-04-23,y,2024-10-23,2024-10-21,y,,2025-04-19,2025-04-20,2025-04-20,,Y,2025-10-09,2025-10-09,2025-04-19,2025-04-20,2025-04-20,Y,,2026-04-10,,2026-04-21,2026-04-23,Y,2026-05-27,
I82,2024-05-08,2024-04-30,2024-07-09,y,2024-10-30,2024-11-11,y,,2025-05-10,2025-04-28,2025-04-28,,Y,2025-10-21,2025-10-22,2025-05-10,2025-04-28,2025-04-28,Y,,2026-04-21,,2026-04-21,2026-04-21,Y,,
I83,2024-04-18,2024-04-17,2024-04-17,y,2024-10-17,2024-10-15,y,,2025-04-13,2025-04-15,2025-04-15,,Y,2025-10-07,2025-10-07,2025-04-13,2025-04-15,2025-04-15,Y,,2026-04-03,,2026-04-07,2026-04-08,Y,,
I84,2024-04-18,2024-04-18,2024-04-18,y,2024-10-18,2024-10-15,y,,2025-04-13,2025-04-16,2025-04-16,,Y,2025-10-07,2025-10-07,2025-04-13,2025-04-16,2025-04-16,Y,,2026-04-06,,2026-04-09,2026-04-13,Y,,
I85,2024-05-18,2024-05-22,2024-07-08,y,2024-11-22,2024-11-20,y,,2025-05-19,2025-05-07,2025-05-07,,Y,2025-10-23,2025-10-23,2025-05-19,2025-05-07,2025-05-07,Y,,2026-04-24,,2026-04-30,2026-04-30,Y,,
I86,2024-06-29,2024-06-25,2024-06-25,y,2024-12-25,2024-12-17,y,,2025-06-20,2025-06-09,2025-06-09,,Y,2025-12-03,2025-12-03,2025-06-20,2025-06-09,2025-06-09,Y,,2026-05-21,,2026-06-03,2026-06-03,Y,,
J87,2024-05-03,2024-04-26,2024-04-26,y,2024-10-26,2024-10-22,y,,2025-04-21,2025-04-19,2025-04-21,,Y,2025-10-08,2025-10-08,2025-04-21,2025-04-19,2025-04-21,Y,,2026-04-08,,2026-04-09,2026-04-23,Y,,
J88,2024-05-02,2024-04-26,2024-04-26,y,2024-10-26,2024-10-22,y,,2025-04-21,2025-04-19,2025-04-21,,Y,2025-10-09,2025-10-09,2025-04-21,2025-04-19,2025-04-21,Y,,2026-04-09,,2026-04-10,2026-06-05,Y,,
J89,2024-05-31,2024-05-28,2024-07-11,y,2024-11-28,2024-11-28,y,,2025-05-27,2025-05-13,2025-05-13,,Y,2025-11-06,2025-11-06,2025-05-27,2025-05-13,2025-05-13,Y,,2026-04-29,,2026-05-11,2026-05-11,Y,,
J90,2024-05-16,2024-05-17,2024-05-17,y,2024-11-17,2024-11-19,y,,2025-05-18,2025-05-02,2025-05-02,,Y,2025-10-22,2025-10-24,2025-05-18,2025-05-02,2025-05-02,Y,,2026-04-27,,2026-05-05,2026-05-05,Y,,
J91,2024-04-19,2024-04-18,2024-04-18,y,2024-10-18,2024-10-14,y,,2025-04-13,2025-04-11,2025-04-14,,Y,2025-10-06,2025-10-06,2025-04-13,2025-04-11,2025-04-14,Y,,2026-04-02,,2026-04-03,2026-04-06,Y,,
J92,2024-05-09,2024-05-07,2024-07-09,y,2024-11-07,2024-11-11,y,,2025-05-10,2025-04-29,2025-04-29,,Y,2025-10-21,2025-10-22,2025-05-10,2025-04-29,2025-04-29,Y,,2026-04-21,,2026-05-01,2026-05-01,Y,,
J93,2024-06-02,2024-06-06,2024-06-18,y,2024-12-06,2024-12-03,y,,2025-06-01,2025-05-30,2025-05-30,,Y,2025-11-26,2025-11-26,2025-06-01,2025-05-30,2025-05-30,Y,,2026-05-15,,2026-05-28,2026-05-28,Y,,
J94,2024-05-17,2024-05-21,2024-06-18,y,2024-11-21,2024-11-19,y,,2025-05-18,2025-05-05,2025-05-06,,Y,2025-10-23,2025-10-23,2025-05-18,2025-05-05,2025-05-06,Y,,2026-04-23,,2026-05-04,2026-05-05,Y,,
J95,2024-06-12,2024-05-21,2024-06-18,y,2024-11-21,2024-11-19,y,,2025-05-18,2025-05-08,2025-05-08,,Y,2025-10-24,2025-10-24,2025-05-18,2025-05-08,2025-05-08,Y,,2026-04-28,,2026-04-30,2026-04-30,Y,,
J96,2024-05-30,2024-05-21,2024-07-11,y,2024-11-21,2024-11-20,y,,2025-05-19,2025-05-08,2025-05-08,,Y,2025-10-24,2025-10-24,2025-05-19,2025-05-08,2025-05-08,Y,,2026-04-28,,2026-05-06,2026-05-06,Y,,
