,Only Copy and pasted ,,Service bundle,,,,,,,,,,,,High Wind Bundle,,,,,,,,,Chainbag Retro,,,,Reactive,,,,,Nose Cone ,,,,,,,Pitch retrofits,,,,,,,,,,,Safety Equipment,,,,Tower Platform Works ,,,,"B25091701  Installation of PT Sensors 
on Mainshaft Bearings ",,,,,,,,,,,,,,,
,,,B25152100 Slipring Exhaust,,,B25372100 Lightning Rod ,,,B0132105 Nacelle Roof,,,Spinner Hatch Containment,,,B0052000 Plate Nacelle Ladder,,,B33122001 Door Striker,,,B0322000 Ext Bracket,,,"B0142200 Hoist chainbag 
Suspension modification",,,,"Generator Duct
 Replacemet ",,,,,"B0132100/ B0132102
Nose Cone Retro",,"B25132103 
Rotor Cover
 V4 Rear
 Supports ",,,,,"TD014259/TD011078  B25041901/B2511802
Pitch retro (SL)",,,,cap,disk,Hub Steps B0062200,,,,,Decender ,Fire Ext B,Fire Ext N,,Start,Finish,P6,,Start,Finish,"Avail
Claimed",P6,,,,TX wall gap retrofit (B25182100),,,,,,,,
Turbine ,,,Completed,P6,,Completed,P6,,Completed,P6,,Complete,P6?,,Completed,P6,,Completed,P6,,Completed,P6,,Completed,P6,,,Required ,Ok at 96 MM,Replaced ,,,Complete,P6,Kit,Started,Completed,P6,,Start,Completed,P6,,,,Complete,P6,Ava. Claimed,,,Complete,Complete,Complete,,Date,Date ,P6,,Date,Date,,,,,,TX wall gap retrofit planned date,TX wall gap retrofit start date,TX wall gap retrofit completion date,P6 Updated,,Re Inspection of blade web cracks,,"Transformer wall upgrade
(Bundled with HV Maint.)
(5 x hrs 2 x techs)",P6 Updated (part 1)
A01,NO LIFT Hour Counter,,30/04/2025,Y,,30/04/2025,Y,,30/04/2025,,,30/04/2025,,,30/04/2025,Y,,30/04/2025,Y,,30/04/2025,Y,,18/02/2026,Y,,,,ok,26/05/2026,,,12/12/2025,,FALSE,,,,,15/07/2025,07/08/2025,Y,60308050,,,16/07/2025,y,,,,YES,YES,YES,,,,,,,,,,,,,,,20/01/2025,y,,23/04/2025,,27/05/2024,n/a
A02,NO LIFT (lift hoist removed) Power cable guides ,,28/04/2025,Y,,28/04/2025,Y,,28/04/2025,,,28/04/2025,,,28/04/2025,Y,,28/04/2025,Y,,28/04/2025,Y,,25/05/2026,,,,,,29/04/2025,,,11/10/2025,,FALSE,,,,,10/10/2025,11/10/2025,Y,60308051,,,13/10/2025,y,y,,,YES,YES,YES,,,,,,,,,,,,,,,29/01/2025,Y,,,,22/05/2024,n/a
A03,lift cab interlock req,,19/06/2025,Y,,19/06/2025,Y,,19/06/2025,,,19/06/2025,,,19/06/2025,Y,,19/06/2025,Y,,19/06/2025,Y,,16/11/2025,Y,,,,,16/11/2025,,,16/12/2025,,TRUE,24/06/2026,24/06/2026,,,17/07/2025,21/07/2025,Y,60308049,,,21/07/2025,y,Y,,,YES,YES,YES,,,,,,,,,,,,,,,06/11/2025,Y,,,,08/03/2023,n/a
A04,,,03/06/2025,Y,,03/06/2025,Y,,03/06/2025,,,03/06/2025,,,03/06/2025,Y,,03/06/2025,Y,,03/06/2025,Y,,03/06/2026,,,,,,05/06/2025,,,14/01/2026,,TRUE,10/06/2026,11/06/2026,,,22/07/2025,23/07/2025,Y,60308052,,,23/07/2025,y,,,,YES,YES,YES,,,,,,27/08/2026,27/08/2026,,,Needs parameter change,,,,,30/04/2025,y,,,,03/05/2024,n/a
A05,NO LIFT - Power cable ,,12/05/2025,Y,,12/05/2025,Y,,12/05/2025,,,12/05/2025,,,12/05/2025,Y,,12/05/2025,Y,,12/05/2025,Y,,06/02/2026,Y,,,,ok,,,,15/12/2025,,TRUE,11/06/2026,12/06/2026,,,26/07/2025,27/07/2025,Y,60308053,,,27/07/2025,y,,,,YES,YES,YES,,,,,,,,,,,,,,,22/01/2025,y,,,,New wall done,n/a
A06,,,20/06/2025,Y,,20/06/2025,Y,,20/06/2025,,,20/06/2025,,,20/06/2025,Y,,20/06/2025,Y,,20/06/2025,Y,,28/11/2025,Y,,,,ok,12/06/2026,,,13/08/2025,Y,TRUE,24/06/2026,24/06/2026,,,11/08/2025,13/08/2025,Y,,,,13/08/2025,y,,60643174,,YES,YES,YES,,,,,,28/08/2026,28/08/2026,,,Needs parameter change,,,,,30/04/2025,y,,,,30/06/2023,n/a
A07,,,02/05/2025,Y,,02/05/2025,Y,,02/05/2025,--,,02/05/2025,,,02/05/2025,Y,,02/05/2025,Y,,02/05/2025,Y,,28/11/2025,Y,,, ,ok,,,,13/08/2025,Y,TRUE,25/06/2026,25/06/2026,,,11/08/2025,13/08/2025,Y,,,,13/08/2025,y,,60643175,,YES,YES,YES,,,,,,28/08/2026,28/08/2026,,,Needs parameter change,,,,,08/01/2025,y,,,,06/05/2024,n/a
A08,,,17/06/2025,Y,,17/06/2025,Y,,17/06/2025,,,17/06/2025,,,17/06/2025,Y,,17/06/2025,Y,,17/06/2025,Y,,29/10/2025,Y,,,,,21/10/2025,,,11/08/2025,Y,TRUE,,,,,07/08/2025,11/08/2025,Y,60308057,,,11/08/2025,Y,,,,YES,YES,YES,,,,,,29/08/2026,29/08/2026,,,Needs parameter change,,,,,22/01/2025,Y,,,,20/02/2023,n/a
A09,,,07/05/2025,Y,,07/05/2025,Y,,07/05/2025,,,07/05/2025,,,07/05/2025,Y,,07/05/2025,Y,,07/05/2025,Y,,16/11/2025,Y,,,,,16/11/2025,,,14/08/2025,Y,TRUE,,,,,07/08/2025,11/08/2025,Y,,,,11/08/2025,Y,,,,YES,YES,YES,,,,,,29/08/2026,29/08/2026,,,Needs parameter change,,,,,08/01/2025,y,,,,07/05/2024,n/a
A10,,,25/09/2025,Y,,25/09/2025,Y,,25/09/2025,,,25/09/2025,,,25/09/2025,Y,,25/09/2025,Y,,25/09/2025,Y,,28/11/2025,Y,,,Yes,,,,,15/08/2025,Y,TRUE,27/06/2026,27/06/2026,,,02/07/2025,04/07/2025,Y,60308064,,,15/07/2025,y,,,,YES,YES,YES,,,,,,30/08/2026,30/08/2026,,,Needs parameter change,,,,,19/12/2024,y,,,,14/09/2022,n/a
B11,Steps Handrail Awareness,,21/07/2025,Y,,21/07/2025,Y,,21/07/2025,,,21/07/2025,,,21/07/2025,Y,,21/07/2025,Y,,21/07/2025,Y,,14/01/1900,Y,,,,,14/01/2026,,,09/01/2026,,TRUE,25/06/2026,25/06/2026,,,03/10/2023,10/10/2023,Y,60803460,,,03/07/2025,y,,,,YES,YES,YES,,,,,,,,,,,,,,,28/01/2025,Y,,23/04/2025,,28/05/2024,n/a
B12,No lift,,01/07/2025,Y,,01/07/2025,Y,,01/07/2025,,,01/07/2025,,,01/07/2025,Y,,01/07/2025,Y,,01/07/2025,Y,,23/01/2026,Y,,,,ok,,,,12/01/2026,,TRUE,28/06/2026,28/07/2026,,,11/08/2023,11/08/2023,Y,,,,02/07/2025,y,,,,YES,YES,YES,,,,,,,,,,,,,,,12/02/2025,Y,,04/04/2025,,19/07/2023,n/a
B13,,,01/07/2025,Y,,01/07/2025,Y,,01/07/2025,,,01/07/2025,,,01/07/2025,Y,,01/07/2025,Y,,01/07/2025,Y,,28/11/2025,Y,,,,ok,,,,15/01/2026,,TRUE,22/07/2026,22/07/2026,,,06/06/2025,08/06/2025,Y,60803489,,,08/06/2025,y,Y,,,YES,YES,YES,,,,,,30/08/2026,31/08/2026,,,Needs parameter change,,,,,12/02/2025,Y,,03/04/2025,,16/08/2022,n/a
B14,,,27/08/2025,Y,,27/08/2025,Y,,27/08/2025,,,27/08/2025,,,27/08/2025,Y,,27/08/2025,Y,,27/08/2025,Y,,28/11/2025,Y,,,,,27/03/2025,,,23/01/2026,,TRUE,29/07/2026,29/07/2026,,,10/10/2023,06/06/2025,Y,60308104,,,06/06/2025,y,Y,,,YES,YES,YES,,,,,,,,,,,,,,,07/11/2025,Y,,18/04/2025,,29/05/2024,n/a
B15,,,16/04/2025,Y,,16/04/2025,Y,,16/04/2025,,,16/04/2025,,,16/04/2025,Y,,,,,16/04/2025,Y,,20/11/2025,Y,,,,ok,,,,13/01/2026,,TRUE,29/06/2026,29/06/2026,,,14/11/2023,17/11/2023,Y,,,,01/06/2026,y,,,,YES,YES,YES,,,,,,,,,,,,,,,16/01/2025,y,,29/04/2025,,13/05/2024,n/a
B16,Damaged Blades,,12/04/2025,Y,,12/04/2025,Y,,12/04/2025,,,12/04/2025,,,12/04/2025,Y,,08/10/2025,Y,,12/04/2025,Y,,29/10/2025,Y,,,,,11/10/2025,,,02/02/2026,,TRUE,29/06/2026,29/06/2026,,,29/06/2025,30/06/2025,Y,,,,30/06/2025,y,Y,,,YES,YES,YES,,,,,,,,,,,,,,,23/01/2025,Y,,24/04/2025,,18/06/2024,n/a
B17,Rotor Lock Sensor Bridged/ NO HOIST,,05/06/2025,Y,,05/06/2025,Y,,05/06/2025,,,05/06/2025,,,05/06/2025,Y,,05/06/2025,Y,,05/06/2025,Y,,28/11/2025,Y,,,,,20/10/2025,,,17/07/2025,Y,TRUE,,,,,01/07/2025,02/07/2025,Y,,,,02/07/2025,y,,,,YES,YES,YES,,,,,,,,,,,,,,,13/02/2025,y,,01/05/2025,,27/07/2023,n/a
B18,,,13/08/2025,Y,,13/08/2025,Y,,13/08/2025,,,13/08/2025,,,13/08/2025,Y,,13/08/2025,Y,,13/08/2025,Y,,23/01/2026,Y,,,,ok,,,,06/08/2025,Y,TRUE,13/07/2026,13/07/2026,,,31/07/2025,06/08/2025,Y,,,,06/08/2025,Y,,,,YES,YES,YES,,,,,,,,,,,,,,,13/02/2025,y,,25/04/2025,,18/07/2024,n/a
C19,Steps Awareness,,18/08/2025,Y,,18/08/2025,Y,,18/08/2025,,,18/08/2025,,,18/08/2025,Y,,18/08/2025,Y,,18/08/2025,Y,,29/10/2025,Y,,,collasped slightly ,ok,,,,06/08/2025,Y,TRUE,14/07/2026,15/07/2026,,,30/07/2025,06/08/2025,Y,60308055,,,06/08/2025,Y,y,,,YES,YES,YES,,,,,,,,,,,,,,,05/11/2025,Y,,16/04/2025,,24/04/2024,n/a
C20,,,20/06/2025,Y,,20/06/2025,Y,,20/06/2025,,,20/06/2025,,,20/06/2025,Y,,20/06/2025,Y,,20/06/2025,Y,,23/01/2026,Y,,,,ok ,,,,03/09/2025,Y,TRUE,01/07/2026,01/07/2026,,,01/09/2025,03/09/2025,Y,60308056,,,03/09/2025,y,y,,,YES,YES,YES,,,,,,,,,,,,,,,05/11/2025,Y,,,,02/03/2023,n/a
C21,,,N/A,,,30/09/2025,,,N/A,--,,N/A,,,N/A,,,NA,,,N/A,,,NA,,,,N/A,N/A,N/A,,,N/A,,TRUE,NA,NA,,,N/A,N/A,Y,60308060,,,N/A,N/A,N/A,,,YES,YES,YES,,,,,,,,,,,,,,,NA,NA,,,,N/A,n/a
C22,,,17/06/2025,Y,,17/06/2025,Y,,17/06/2025,,,17/06/2025,,,17/06/2025,Y,,17/06/2025,Y,,17/06/2025,Y,,05/02/2026,Y,,,,ok,,,,30/07/2025,Y,TRUE,16/07/2026,16/07/2026,,,28/07/2025,30/07/2025,Y,60308061,,,30/07/2025,y,,,,YES,YES,YES,,,,,,,,,,,,,,,23/01/2025,Y,,17/04/2025,,17/05/2024,n/a
C23,,,N/A,,,29/09/2025,,,N/A,,,N/A,,,N/A,,,29/09/2025,Y,,N/A,,,NA,,,,N/A,N/A,N/A,,,N/A,,TRUE,NA,NA,,,N/A,N/A,Y,60308065,,,N/A,N/A,N/A,,,YES,YES,YES,,,,,,,,,,,,,,,NA,NA,,,,N/A,n/a
C24,,,23/10/2025,Y,,23/10/2025,Y,,23/10/2025,,,20/02/2026,,,23/10/2025,Y,,23/10/2025,Y,,23/10/2025,,,22/11/2025,Y,,,Poorly fitted ,,previously,,,30/07/2025,Y,TRUE,15/07/2026,15/07/2026,,,28/07/2025,30/07/2025,Y,60308066,,,30/07/2025,y,,,,YES,YES,YES,,,,,,,,,,,,,,,28/10/2025,Y,,,,28/07/2023,n/a
C25,,,08/09/2025,Y,,08/09/2025,Y,,08/09/2025,,,08/09/2025,,,,Y,,08/09/2025,Y,,08/09/2025,Y,,23/01/2026,Y,,,,,08/09/2025,,,17/10/2025,,TRUE,17/07/2026,17/07/2026,,,23/10/2023,24/10/2023,Y,60308067,,,20/10/2025,y,y,,,YES,YES,YES,,,,,,,,,,,,,,,11/02/2025,Y,,10/03/2025,,19/06/2024,n/a
C26,LIFT FAILED,,27/05/2025,Y,,27/05/2025,Y,,27/05/2025,,,27/05/2025,,,27/05/2025,Y,,27/05/2025,Y,,27/05/2025,Y,,17/12/2025,Y,,,,ok,,,,21/05/2025,Y,TRUE,17/08/2026,17/08/2026,,,04/09/2025,05/09/2025,Y,60308070,,,05/09/2025,y,y,,,YES,YES,YES,,,,,,,,,,,,,,,11/02/2025,Y,,,,17/06/2024,n/a
D27, Nacelle access ladder,,02/05/2025,Y,,02/05/2025,Y,,02/05/2025,,,02/05/2025,,,02/05/2025,Y,,02/05/2025,Y,,02/05/2025,Y,,19/11/2025,Y,,,,,23/10/2025,,,19/05/2025,Y,TRUE,18/08/2026,18/08/2026,,,21/09/2025,22/09/2025,Y,60308071,,,21/09/2025,y,y,,,YES,YES,YES,,,,,,,,,,,,,,,29/01/2025,Y,,02/04/2025,,03/06/2024,n/a
D28,Hoist Recert,,05/09/2025,Y,,05/09/2025,Y,,05/09/2025,,,05/09/2025,,,05/09/2025,Y,,05/09/2025,Y,,05/09/2025,Y,,13/02/2026,Y,,,,,13/03/2026,,,09/02/2026,,,,,,,30/10/2025,04/11/2025,Y,,,,04/11/2025,y,y,,,YES,YES,YES,,,,,,,,,,,,,,,26/02/2025,Y,,,,16/07/2024,n/a
D29,,,11/04/2025,Y,,11/04/2025,Y,,11/04/2025,,,11/04/2025,,,11/04/2025,Y,,11/04/2025,Y,,11/04/2025,Y,,17/12/2025,Y,,,,ok,,,,12/05/2025,Y,TRUE,12/08/2026,13/08/2026,,,14/08/2025,14/08/2025,Y,60803466,,,14/08/2025,Y,Y,,,YES,YES,YES,,,,,,,,,,,,,,,26/02/2025,Y,,25/10/2025,,13/07/2022,n/a
D30, No HOIST,,19/06/2025,Y,,19/06/2025,Y,,19/06/2025,,,19/06/2025,,,19/06/2025,Y,,19/06/2025,Y,,19/06/2025,Y,,17/12/2025,Y,,,,,30/12/2025,,,19/08/2025,Y,FALSE,,,,,18/08/2025,19/08/2025,Y,60803467,,,19/08/2025,Y,Y,,,YES,YES,YES,,,,,,,,,,,,,,,01/05/2025,Y,,25/10/2025,,01/05/2025,n/a
D31,Anchor points below bedplate. ,,07/08/2025,Y,,07/08/2025,Y,,07/08/2025,,,07/08/2025,,,07/08/2025,Y,,07/08/2025,Y,,07/08/2025,Y,,23/01/2026,Y,,,,ok,,,,21/05/2025,Y,TRUE,23/08/2026,23/08/2026,,,24/07/2025,25/07/2025,Y,60803468,,,25/07/2025,y,,,,YES,YES,YES,,,,,,,,,,,,,,,06/02/2025,Y,,22/04/2025,,13/06/2024,n/a
D32,,,23/07/2025,Y,,23/07/2025,Y,,23/07/2025,,,23/07/2025,,,23/07/2025,Y,,23/07/2025,Y,,23/07/2025,Y,,17/12/2025,Y,,,yes?,,,,,21/08/2025,Y,TRUE,20/08/2026,20/08/2026,,,19/08/2025,22/08/2025,Y,60308077,,,22/08/2025,y,Y,,,YES,YES,YES,,,,,,,,,,,,,,,19/12/2024,y,,,,19/04/2024,n/a
D33,,,28/07/2025,Y,,28/07/2025,Y,,28/07/2025,,,28/07/2025,,,28/07/2025,Y,,28/07/2025,Y,,28/07/2025,Y,,17/12/2025,Y,,,,ok,,,,12/11/2025,,TRUE,,,,,26/10/2023,31/10/2023,Y,60803470,,,13/11/2025,y,,,,YES,YES,YES,,,,,,,,,,,,,,,28/01/2025,Y,,22/04/2025,,30/05/2024,n/a
D34,NO LIFT(lift hoist removed),,28/05/2025,Y,,28/05/2025,Y,,28/05/2025,,,28/05/2025,,,28/05/2025,Y,,28/05/2025,Y,,28/05/2025,Y,,10/04/2026,,,,,,27/10/2025,,,27/08/2025,Y,TRUE,,,,,24/08/2025,24/08/2025,Y,60308079,,,25/08/2025,Y,,,,YES,YES,YES,,,,,,,,,,,,,,,06/02/2025,Y,,,,12/06/2024,n/a
D35,,,22/06/2025,Y,,22/06/2025,Y,,22/06/2025,,,22/06/2025,,,22/06/2025,Y,,22/06/2025,Y,,22/06/2025,Y,,17/12/2025,Y,,,,,10/08/2025,,,01/12/2025,,FALSE,,,,,17/09/2025,18/09/2025,Y,60803472,,,18/09/2025,Y,y,,,YES,YES,YES,,,,,,,,,,,,,,,27/02/2025,Y,,,,06/06/2023,n/a
D36,"Steps Awareness
Hub anchor point HAP-13 missing.",,18/08/2025,Y,,18/08/2025,Y,,18/08/2025,,,18/08/2025,,,18/08/2025,Y,,18/08/2025,Y,,18/08/2025,Y,,16/01/2026,Y,,,,,16/01/2026,,,21/01/2026,,TRUE,31/08/2026,,,,27/10/2023,03/11/2023,Y,,,,06/11/2025,Y,,,,YES,YES,YES,,,,,,,,,,,,,,,27/02/2025,Y,,03/04/2025,,Y,Y
E37,,,15/09/2025,Y,,15/09/2025,Y,,15/09/2025,,,15/09/2025,,,15/09/2025,Y,,15/09/2025,Y,,15/09/2025,Y,,,,,,,ok,,,,20/10/2025,,TRUE,22/08/2026,22/08/2026,,,16/10/2025,20/10/2025,Y,60803474,,,20/10/2025,Y,y,,,YES,YES,YES,,,,,,,,,,,,,,,06/05/2025,Y,,20/04/2025,,06/05/2025,n/a
E38,,,14/08/2025,Y,,14/08/2025,Y,,14/08/2025,,,14/08/2025,,,14/08/2025,Y,,14/08/2025,Y,,14/08/2025,Y,,20/01/2026,Y,,,,,24/08/2026,,,02/09/2025,Y,TRUE,25/08/2026,25/08/2026,,,27/08/2025,29/08/2025,Y,60803475,,,28/08/2025,Y,y,,,YES,YES,YES,,,,,,,,,,,,,,,18/12/2024,y,,21/04/2025,,06/07/2023,n/a
E39,LIFT FAIL Hour counter,,30/04/2025,Y,,30/04/2025,Y,,30/04/2025,,,30/04/2025,,,30/04/2025,Y,,30/04/2025,Y,,30/04/2025,Y,,27/11/2025,Y,,,,,18/03/2026,,,08/12/2025,,TRUE,24/08/2026,24/08/2026,,,01/09/2025,02/09/2025,Y,,,,02/09/2025,Y,y,,,YES,YES,YES,,,,,,,,,,,,,,,20/01/2025,y,,28/10/2024,,10/05/2024,n/a
E40,,,11/07/2025,Y,,11/07/2025,Y,,11/07/2025,,,11/07/2025,,,11/07/2025,Y,,11/07/2025,Y,,11/07/2025,Y,,23/01/2026,Y,,,,ok,,,,12/12/2025,,TRUE,26/08/2026,26/08/2026,,,26/06/2025,27/06/2025,Y,60803477,,,27/06/2025,Y,Y,,,YES,YES,YES,,,,,,,,,,,,,,,18/12/2024,y,,07/03/2025,,26/07/2023,n/a
E41,,,15/09/2025,Y,,04/03/2026,Y,,04/03/2026,,,25/02/2026,,,15/09/2025,Y,,15/09/2025,Y,,15/09/2025,Y,,05/02/2026,Y,,,,ok,,,,05/09/2025,Y,TRUE,27/08/2026,27/08/2026,,,03/09/2025,05/09/2025,Y,60803478,,,05/09/2025,Y,y,,,YES,YES,YES,,,,,,,,,,,,,,,12/03/2025,Y,,04/04/2025,,07/06/2023,n/a
E42,Cable tray guide/ power cable FAIL 10yr,,22/08/2025,Y,,22/08/2025,Y,,22/08/2025,,,22/08/2025,,,22/08/2025,Y,,22/08/2025,Y,,22/08/2025,Y,,23/01/2026,Y,,,,ok,,,,22/10/2025,,TRUE,28/08/2026,28/08/2026,,,08/08/2023,22/08/2023,Y,60803479,,,29/10/2025,Y,y,,,YES,YES,YES,,,,,,,,,,,,,,,17/12/2024,y,,03/04/2025,,06/07/2023,n/a
E43,Steps ?,,23/04/2025,Y,,23/04/2025,Y,,23/04/2025,,,23/04/2025,,,23/04/2025,Y,,23/04/2025,Y,,23/04/2025,Y,,29/10/2025,Y,,,,,27/04/2026,,,10/02/2026,,TRUE,31/08/2026,,,,04/08/2023,07/08/2023,Y,60308089,,,30/06/2025,Y,Y,,,YES,YES,YES,,,,,,,,,,,,,,,07/01/2025,y,,25/10/2024,,23/04/2024,n/a
E44,,,25/06/2025,Y,,25/06/2025,Y,,25/06/2025,,,25/06/2025,,,25/06/2025,Y,,25/06/2025,Y,,25/06/2025,Y,,18/11/2025,Y,,,,,28/10/2025,,,19/01/2025,,TRUE,08/08/2026,08/08/2026,,,10/07/2025,11/07/2025,Y,,,,11/07/2025,Y,,,,YES,YES,YES,,,,,,,,,,,,,,,14/03/2025,Y,,15/04/2025,,18/11/2022,n/a
E45,,,07/07/2025,Y,,07/07/2025,Y,,07/07/2025,,,07/07/2025,,,07/07/2025,Y,,07/07/2025,Y,,07/07/2025,Y,,22/01/2026,Y,,,,,24/10/2025,,,24/09/2025,Y,TRUE,09/08/2026,09/08/2026,,,23/09/2025,25/09/2025,Y,,,,25/09/2025,Y,y,,,YES,YES,YES,,,,,,,,,,,,,,,19/03/2025,Y,,16/04/2025,,15/08/2022,n/a
E46,,,21/08/2025,Y,,21/08/2025,Y,,21/08/2025,,,21/08/2025,,,21/08/2025,Y,,21/08/2025,Y,,21/08/2025,Y,,27/11/2025,Y,,,,,27/11/2025,,,03/12/2025,,TRUE,21/08/2026,21/08/2026,,,27/06/2025,29/06/2025,Y,,,,29/06/2025,Y,Y,60643204,,YES,YES,YES,,,,,,,,,,,,,,,04/03/2025,Y,,,,17/07/2024,n/a
F47,,,02/09/2025,Y,,02/09/2025,Y,,02/09/2025,,,02/09/2025,,,02/09/2025,Y,,02/09/2025,Y,,02/09/2025,Y,,30/10/2025,Y,,,,,30/10/2025,,,05/02/2026,,TRUE,,,,,10/02/2021,10/02/2021,Y,60308094,,,26/06/2025,y,Y,,,YES,YES,YES,,,,,,,,,,,,,,,15/01/2025,y,,,,29/06/2022,n/a
F48,,,14/05/2025,Y,,14/05/2025,Y,,14/05/2025,,,14/05/2025,,,14/05/2025,Y,,14/05/2025,Y,,14/05/2025,Y,,06/11/2025,Y,,,,,06/11/2025,,,09/09/2025,Y,TRUE,30/08/2026,30/08/2026,,,05/09/2025,09/09/2025,Y,60803485,,,05/09/2025,y,y,,,YES,YES,YES,,,,,,,,,,,,,,,10/12/2024,y,,,,15/05/2024,n/a
F49,,,27/06/2025,Y,,27/06/2025,Y,,27/06/2025,,,27/06/2025,,,27/06/2025,Y,,27/06/2025,Y,,27/06/2025,Y,,30/10/2025,Y,,,,,23/09/2025,,,18/09/2025,Y,TRUE,04/07/2026,04/07/2026,,,10/09/2025,11/09/2025,Y,60308097,,,11/09/2025,y,y,,,YES,YES,YES,,,,,,,,,,,,,,,13/03/2025,Y,,,,05/08/2022,n/a
F50,2 rotorlock pins bent,,10/10/2025,Y,,,Y,,15/10/2025,,,15/10/2025,,,15/10/2025,Y,,15/10/2025,Y,,15/10/2025,Y,,31/10/2025,Y,,,,,26/08/2025,,,27/10/2025,,TRUE,02/07/2026,03/07/2026,,,22/10/2025,27/10/2025,Y,,,,27/10/2025,y,y,60643208,,YES,YES,YES,,,,,,,,,,,,,,,18/03/2025,Y,,,,07/09/2022,n/a
F51,,,19/09/2025,y,,19/09/2025,Y,,19/09/2025,,,19/09/2025,,,19/09/2025,Y,,19/09/2025,Y,,19/09/2025,Y,,31/10/2025,Y,,,,,09/04/2025,,,16/11/2025,,TRUE,05/07/2026,05/07/2026,,,08/07/2025,09/07/2025,Y,60803488,,,09/07/2025,y,,,,YES,YES,YES,,,,,,,,,,,,,,,21/03/2025,Y,,,,03/08/2022,n/a
F52,HOIST FAIL Steps Awareness,,01/04/2025,Y,,01/04/2025,Y,,01/04/2025,,,18/11/2025,,,01/04/2025,Y,,01/04/2025,Y,,01/04/2025,Y,,28/10/2025,Y,,,,,30/09/2024,,,19/11/2025,,TRUE,,,,,08/08/2023,09/08/2023,Y,,,,25/06/2025,Y,Y,60643213,,YES,YES,YES,,,,,,,,,,,,,,,18/02/2025,y,,,,01/08/2022,n/a
F53,NO LIFT(lift hoist removed),,11/06/2025,Y,,11/06/2025,Y,,11/06/2025,,,11/06/2025,,,11/06/2025,Y,,11/06/2025,Y,,11/06/2025,Y,,31/10/2025,Y,,,,,20/11/2025,,,17/11/2025,,TRUE,,,,,10/07/2025,11/07/2025,Y,60308107,,,11/07/2025,Y,,,,YES,YES,YES,,,,,,,,,,,,,,,17/12/2024,y,,,,15/09/2022,n/a
F54,,,19/09/2025,Y,,19/09/2025,Y,,19/09/2025,,,19/09/2025,,,19/09/2025,Y,,19/09/2025,Y,,19/09/2025,Y,,31/10/2025,Y,,,,,01/10/2024,,,18/11/2025,,TRUE,,,,,08/09/2025,11/09/2025,Y,,,,08/09/2025,Y,y,,,YES,YES,YES,,,,,,,,,,,,,,,22/10/2025,Y,,,,competed,n/a
F55,Steps Awareness,,10/07/2025,Y,,10/07/2025,Y,,10/07/2025,,,10/07/2025,,,10/07/2025,Y,,10/07/2025,Y,,10/07/2025,Y,,31/10/2025,Y,,,,,12/01/2026,,,18/09/2025,Y,TRUE,,,,,11/09/2025,15/09/2025,Y,60308109,,,16/09/2025,Y,y,,,YES,YES,YES,,,,,,,,,,,,,,,07/01/2025,y,,,,02/08/2023,n/a
F56,Blade bearing ? NO LIFT,,08/09/2025,Y,,08/09/2025,Y,,08/09/2025,,,08/09/2025,,,08/09/2025,Y,,08/09/2025,Y,,08/09/2025,Y,,31/10/2025,Y,,,,,08/09/2025,,,16/09/2025,Y,TRUE,08/07/2026,09/07/2026,,,12/09/2025,16/09/2025,Y,60308111,,,16/09/2025,y,y,,,YES,YES,YES,,05/06/2026,03/08/2026,,Still to paint ,,,,,,,,,,29/04/2025,y,,,,20/07/2022,n/a
G57,NO LIFT Hour Counter,,30/05/2025,Y,,30/05/2025,Y,,30/05/2025,,,30/05/2025,,,30/05/2025,Y,,30/05/2025,Y,,30/05/2025,Y,,12/11/2025,Y,,,,,12/11/2025,,,02/12/2025,,TRUE,,,,,08/07/2025,09/07/2025,Y,60308112,,,09/07/2025,y,,,,YES,YES,YES,,,,,,,,,,,,,,,09/01/2025,y,,,,25/04/2024,n/a
G58,NO LIFT /ROTORLOCK ISSUE,,18/09/2025,Y,,18/09/2025,Y,,18/09/2025,,,18/09/2025,,,18/09/2025,Y,,18/09/2025,Y,,18/09/2025,Y,,05/02/2026,Y,,,,,17/09/2025,,,16/02/2026,,TRUE,,,,,19/09/2025,22/09/2025,Y,,,,22/09/2025,y,y,,,YES,YES,YES,,,,,,,,,,,,,,,20/03/2025,Y,,,,22/07/2022,n/a
G59,,,01/04/2025,Y,,01/04/2025,Y,,01/04/2025,,,,,,01/04/2025,Y,,01/04/2025,Y,,01/04/2025,Y,,28/10/2025,Y,,,,,01/10/2024,,,30/11/2025,,TRUE,,,,,02/07/2025,04/07/2025,Y,60308114,,,04/07/2025,y,,,,YES,YES,YES,,,,,,,,,,,,,,,02/05/2025,Y,,,,08/09/2022,n/a
G60,No Lift (lift hoist removed)  ,,30/06/2025,Y,,30/06/2025,Y,,30/06/2025,,,30/06/2025,,,30/06/2025,Y,,30/06/2025,Y,,30/06/2025,Y,,16/04/2026,Y,,,,ok,,,,22/10/2025,,TRUE,,,,,20/10/2025,22/10/2025,Y,60308115,,,22/10/2025,y,y,,,YES,YES,YES,,,,,,,,,,,,,,,06/03/2025,Y,,,,05/06/2023,n/a
G61,,,23/06/2025,Y,,23/06/2025,Y,,23/06/2025,,,23/06/2025,,,23/06/2025,Y,,23/06/2025,Y,,23/06/2025,Y,,21/01/2026,Y,,,,,22/01/2026,,,03/12/2025,,TRUE,14/08/2026,14/08/2026,,,17/06/2025,19/06/2025,Y,60308116,,,19/06/2025,y,Y,,,YES,YES,YES,,,,,,,,,,,,,,,05/12/2024,y,,,,23/09/2022,n/a
G62,,,22/05/2025,Y,,22/05/2025,Y,,22/05/2025,,,22/05/2025,,,22/05/2025,Y,,22/05/2025,Y,,22/05/2025,Y,,18/02/2026,Y,,,,,19/09/2025,,,14/11/2025,,TRUE,11/08/2026,11/08/2026,,,16/09/2025,17/09/2025,Y,60308117,,,17/09/2025,y,y,,,YES,YES,YES,,,,,,,,,,,,,,,16/01/2025,y,,,,09/05/2024,n/a
G63,,,09/06/2025,Y,,09/06/2025,Y,,09/06/2025,,,09/06/2025,,,09/06/2025,Y,,09/06/2025,Y,,09/06/2025,Y,,05/02/2026,Y,,,,ok,03/06/2026,,,17/11/2025,,TRUE,12/08/2026,12/08/2026,,,23/06/2025,24/06/2025,Y,60308118,,,24/06/2025,Y,Y,,,YES,YES,YES,,,,,,,,,,,,,,,14/01/2025,N,,,,01/05/2024,n/a
G64,,,10/07/2025,Y,,10/07/2025,Y,,10/07/2025,,,10/07/2025,,,10/07/2025,Y,,10/07/2025,Y,,10/07/2025,Y,,05/02/2026,Y,,,,,16/01/2026,,,12/11/2025,,TRUE,10/08/2026,10/08/2026,,,18/06/2025,20/06/2025,Y,60308119,,,20/06/2025,Y,Y,,,YES,YES,YES,,,,,,,,,,,,,,,05/12/2024,y,,06/05/2025,,22/02/2023,n/a
G65,NO HOIST,,25/04/2025,Y,,25/04/2025,Y,,25/04/2025,,,25/04/2025,,,25/04/2025,Y,,25/04/2025,Y,,25/04/2025,Y,,,,,,,,28/04/2025,,,13/02/2026,,TRUE,,,,,29/10/2025,04/11/2025,Y,,,,04/11/2025,Y,y,,,YES,YES,YES,,,,,,,,,,,,,,,02/05/2025,Y,,,,30/08/2022,n/a
G66,,,29/08/2025,Y,,29/08/2025,Y,,29/08/2025,,,29/08/2025,,,29/08/2025,Y,,29/08/2025,Y,,29/08/2025,Y,,11/12/2025,Y,,,,Old Style ? ,,,,10/11/2025,,TRUE,06/08/2026,06/08/2026,,,25/06/2025,16/09/2025,Y,60308121,,,25/06/2025,y,Y,,,YES,YES,YES,,,,,,,,,,,,,,,04/02/2025,Y,,,,competed?,n/a
H67,,,23/05/2025,Y,,23/05/2025,Y,,23/05/2025,,,23/05/2025,,,23/05/2025,Y,,23/05/2025,Y,,25/05/2025,Y,,11/12/2025,Y,,,,,29/09/2025,,,12/06/2025,Y,TRUE,31/07/2026,31/07/2026,,,25/09/2025,26/09/2025,Y,,,,26/09/2025,y,y,,,YES,YES,YES,,,,,,,,,,,,,,,19/03/2025,Y,,,,21/06/2023,n/a
H68,,,27/08/2025,Y,,27/08/2025,Y,,27/08/2025,,,27/08/2025,,,27/08/2025,Y,,27/08/2025,Y,,27/08/2025,Y,,11/12/2025,Y,,,,,previously,,,19/11/2025,,TRUE,30/07/2026,30/07/2026,,,16/06/2025,18/06/2025,Y,60308123,,,18/06/2025,y,Y,,,YES,YES,YES,,,,,,,,,,,,,,,29/04/2025,y,,01/05/2025,,08/08/2022,n/a
H69,Rotor Lock Sensor Bridged,,26/06/2025,Y,,26/06/2025,Y,,26/06/2025,,,26/06/2025,,,26/06/2025,Y,,26/06/2025,Y,,26/06/2025,Y,,05/02/2026,Y,,,,,27/03/2025,,,14/10/2025,,TRUE,13/08/2026,13/08/2026,,,09/03/2021,09/03/2021,Y,,,,14/10/2025,y,y,,,YES,YES,YES,,,,,,,,,,,,,,,11/03/2025,Y,,03/04/2025,,13/09/2022,n/a
H70,,,15/09/2025,Y,,15/09/2025,Y,,15/09/2025,,,15/09/2025,,,15/09/2025,Y,,15/09/2025,Y,,15/09/2025,Y,,05/02/2026,Y,,,,,04/04/2025,,,20/11/2025,,TRUE,30/07/2026,30/07/2026,,,21/05/2025,21/05/2025,Y,60308125,,,21/05/2025,y,Y,,,YES,YES,YES,,,,,,,,,,,,,,,12/12/2024,y,,,,23/02/2023,n/a
H71,NO LIFT failed 10yr Gantry cracked ?,,05/09/2025,Y,,05/09/2025,Y,,05/09/2025,,,05/09/2025,,,05/09/2025,Y,,05/09/2025,Y,,05/09/2025,Y,,22/01/2026,Y,,,,,02/09/2025,,,21/11/2025,,TRUE,,,,,12/06/2025,16/06/2025,Y,60308126,,,16/06/2025,y,Y,,,YES,YES,YES,,,,,,,,,,,,,,,22/12/2025,y,,,,17/08/2022,n/a
H72,,,27/08/2025,Y,,27/08/2025,Y,,27/08/2025,,,27/08/2025,,,27/08/2025,Y,,27/08/2025,Y,,27/08/2025,Y,,05/02/2026,Y,,,,,28/08/2025,,,22/11/2025,,TRUE,31/07/2026,31/07/2026,,,19/06/2025,24/06/2025,Y,60308127,,,24/06/2025,y,Y,,,YES,YES,YES,,,,,,,,,,,,,,19/11/2024,19/11/2024,y,,,,23/08/2022,n/a
H73,,,12/05/2025,Y,,12/05/2025,Y,,12/05/2025,,,12/05/2025,,,12/05/2025,Y,,12/05/2025,Y,,12/05/2025,Y,,05/02/2026,Y,,,,,29/09/2025,,,23/11/2025,,TRUE,01/08/2026,01/08/2026,,,10/06/2025,12/06/2025,Y,60308128,,,12/06/2025,y,Y,,,YES,YES,YES,,,,,,,,,,,,,,,05/03/2025,Y,,,,09/08/2022,n/a
H74,,,23/09/2025,Y,,23/09/2025,Y,,23/09/2025,,,23/09/2025,,,23/09/2025,Y,,23/09/2025,Y,,23/09/2025,Y,,05/02/2026,Y,,,yes,,,,,24/11/2025,,TRUE,02/08/2026,02/08/2026,,,09/06/2025,10/06/2025,Y,60308129,,,10/06/2025,y,Y,,,YES,YES,YES,,,,,,,,,,,,,,,14/01/2025,y,,29/04/2025,,08/05/2024,n/a
H75,NO LIFT failed 10yr,,25/06/2025,Y,,25/06/2025,Y,,25/06/2025,,,25/06/2025,,,25/06/2025,Y,,25/06/2025,Y,,25/06/2025,Y,,05/02/2026,Y,,,,,25/08/2025,,,25/11/2025,,TRUE,,,,,12/06/2023,14/06/2023,Y,,,,17/06/2025,y,Y,60643236,,YES,YES,YES,,,,,,,,,,,,,,,24/10/2025,Y,,12/03/2025,,22/04/2024,n/a
H76,No Lift Fail 10yr ,,11/06/2025,Y,,11/06/2025,Y,,11/06/2025,,,11/06/2025,,,11/06/2025,Y,,11/06/2025,Y,,11/06/2025,Y,,,,,,,,25/08/2025,,,24/11/2025,,TRUE,,,,,12/06/2025,17/06/2025,Y,60308131,,,17/06/2025,y,Y,,,YES,YES,YES,,,,,,,,,,,,,,,16/10/2025,Y,,,,22/06/2023,n/a
I77,,,25/08/2025,Y,,30/10/2025,Y,,30/10/2025,,,25/08/2025,,,25/08/2025,Y,,25/08/2025,Y,,25/08/2025,Y,,30/10/2025,Y,,,,,30/10/2025,,,03/12/2025,,TRUE,11/07/2026,11/07/2026,,,15/06/2023,20/06/2023,Y,,,,18/06/2025,y,Y,60643238,,YES,YES,YES,,,,,,,,,,,,,,,21/01/2025,Y,,,,21/02/2023,n/a
I78,NO LIFT failed 10yr,,29/08/2025,Y,,29/08/2025,Y,,29/08/2025,,,29/08/2025,,,29/08/2025,Y,,29/08/2025,Y,,29/08/2025,Y,,23/10/2025,Y,,,,,27/11/2025,,,03/12/2025,,TRUE,,,,,14/05/2025,16/05/2025,Y,,,,10/06/2025,y,Y,60643239,,YES,YES,YES,,,,,,,,,,,,,,,19/02/2025,y,,,,06/07/2022,n/a
I79,,,22/08/2025,Y,,22/08/2025,Y,,22/08/2025,,,22/08/2025,,,22/08/2025,Y,,22/08/2025,Y,,22/08/2025,Y,,11/12/2025,Y,,,,,14/02/2026,,,12/02/2026,,TRUE,12/07/2026,12/07/2026,,,16/05/2025,20/05/2025,Y,,,,19/06/2025,y,Y,60643240,,YES,YES,YES,,,,,,,,,,,,,,,12/12/2024,y,,,,29/06/2023,n/a
I80,NO Hoist ,,16/05/2025,Y,,16/05/2025,Y,,16/05/2025,,,16/05/2025,,,16/05/2025,Y,,16/05/2025,Y,,16/05/2025,Y,,11/12/2025,Y,,,,,15/11/2025,,,21/08/2025,Y,TRUE,,,,,20/06/2023,26/06/2023,Y,,,,21/06/2025,y,Y,60643241,,YES,YES,YES,,,,,,,,,,,,,,,21/01/2025,y,,,,20/05/2024,n/a
I81,safety wire 21/7,,09/04/2025,Y,,09/04/2025,Y,,09/04/2025,,,09/04/2025,,,09/04/2025,Y,,09/04/2025,Y,,09/04/2025,Y,,11/12/2025,Y,,,,,18/10/2024,,,16/10/2025,,TRUE,29/08/2026,29/08/2026,,,22/05/2025,22/05/2025,Y,60308137,,,16/10/2025,y,Y,cap,,YES,YES,YES,,,,,,,,,,,,,,,10/12/2024,y,,,,10/08/2022,n/a
I82,Lift Power Cable ,,08/05/2025,Y,,08/05/2025,Y,,08/05/2025,,,08/05/2025,,,08/05/2025,Y,,08/05/2025,Y,,08/05/2025,Y,,05/02/2026,Y,,,,,14/11/2025,,,15/05/2025,Y,TRUE,25/08/2026,25/08/2026,,,19/09/2025,19/09/2025,Y,,,,19/09/2025,y,y,,,YES,YES,YES,,,,,,,,,,,,,,,11/03/2025,Y,,,,27/06/2022,n/a
I83,,,02/10/2025,,,,Y,,,,,02/10/2025,,,02/10/2025,Y,,02/10/2025,Y,,02/10/2025,Y,,05/02/2026,Y,,,,,15/02/2026,,,30/11/2025,,TRUE,14/07/2026,18/07/2026,,,23/05/2025,28/05/2025,Y,,,,25/06/2025,y,Y,60643244,,YES,YES,YES,,17/07/2026,04/08/2026,,,,,,,,,,,,15/10/2025,Y,,,,08/07/2022,n/a
I84,,,24/04/2025,Y,,24/04/2025,Y,,24/04/2025,,,24/04/2025,,,24/04/2025,Y,,30/10/2025,Y,,24/04/2025,Y,,06/02/2026,Y,,,,,07/05/2026,,,16/12/2025,,TRUE,06/08/2026,06/08/2026,,,15/12/2025,16/12/2025,Y,,,,16/12/2025,y,y,,,YES,YES,YES,,,,,,,,,,,,,,19/11/2024,19/11/2024,y,,,,01/09/2022,n/a
I85,,,07/04/2025,Y,Y,07/04/2025,Y,,07/05/2025,,,07/05/2025,,,07/04/2025,Y,,07/05/2025,Y,,07/04/2025,Y,,27/10/2025,Y,,,,,10/04/2025,,,01/12/2025,,TRUE,16/08/2026,16/08/2026,,,16/04/2021,16/04/2021,Y,,,,23/06/2025,y,Y,60643246,,YES,YES,YES,,,,,,,,,,,,,,,06/11/2024,y,,,,31/08/2022,n/a
I86,,,28/08/2025,Y,,28/08/2025,Y,,28/08/2025,,,28/08/2025,,,28/08/2025,Y,,28/08/2025,Y,,28/08/2025,Y,,,,,,,,17/02/2026,,,25/11/2025,,TRUE,01/08/2026,01/08/2026,,,30/05/2025,04/06/2025,Y,60308142,,,04/06/2025,y,Y,,,YES,YES,YES,,,,,,,,,,,,,,,11/12/2024,y,,,,07/03/2023,n/a
J87,,,08/04/2025,Y,,08/04/2025,Y,,08/04/2025,,,08/04/2025,,,08/04/2025,Y,,,,,08/04/2025,Y,,27/10/2025,Y,,,,,09/04/2025,,,07/10/2025,,TRUE,20/07/2026,20/07/2026,,,08/06/2025,10/06/2025,Y,60308143,,,10/06/2025,y,Y,,,YES,YES,YES,,,,,,,,,,,,,,,15/01/2025,Y,,,,02/08/2022,n/a
J88,,,30/09/2025,Y,,11/10/2025,Y,,11/10/2025,,,30/09/2025,,,30/09/2025,Y,,30/09/2025,Y,,30/09/2025,Y,,06/02/2026,Y,,,,,11/03/2025,,,22/08/2025,Y,TRUE,02/08/2026,02/08/2026,,,04/06/2025,05/06/2025,Y,,,,05/06/2025,y,Y,60643249,,YES,YES,YES,,,,,,,,,,,,,,,15/10/2025,Y,,,,18/08/2022,n/a
J89,,,18/04/2025,Y,,18/04/2025,Y,,18/04/2025,,,18/04/2025,,,18/04/2025,Y,,18/04/2025,Y,,18/04/2025,Y,,28/11/2025,Y,,,,,23/04/2025,,,21/11/2025,,TRUE,04/08/2026,04/08/2026,,,24/06/2025,25/06/2025,Y,60308145,,,25/06/2025,y,Y,,,YES,YES,YES,,11/06/2026,,,,,,,,,,,,,10/12/2024,y,,,,30/04/2024,n/a
J90,,,15/08/2025,Y,,15/08/2025,Y,,15/08/2025,,,15/08/2025,,,15/08/2025,Y,,15/08/2025,Y,,15/08/2025,Y,,06/02/2026,Y,,,,ok,,,,25/09/2025,Y,TRUE,07/08/2026,07/08/2026,,,23/09/2025,25/09/2025,Y,,,,25/09/2025,y,y,,,YES,YES,YES,,,,,,,,,,,,,,20/11/2024,20/11/2024,y,,,,11/07/2022,n/a
J91,,,24/04/2025,Y,,24/04/2025,Y,,24/04/2025,,,24/04/2025,,,24/04/2025,Y,,24/04/2025,Y,,24/04/2025,Y,,28/10/2025,Y,,,,ok,,,,29/09/2025,,TRUE,03/08/2026,03/08/2026,,,26/09/2025,30/09/2025,Y,,,,29/09/2025,y,y,,,YES,YES,YES,,,,,,,,,,,,,,,07/11/2024,y,,,,19/08/2022,n/a
J92,,,14/04/2025,Y,,14/04/2025,Y,,14/04/2025,,,14/04/2025,,,14/04/2025,Y,,14/04/2025,Y,,14/04/2025,Y,,28/10/2025,Y,,,,ok,,,,15/10/2025,,TRUE,04/08/2026,04/08/2026,,,29/09/2025,30/09/2025,Y,60803532,,,30/09/2025,y,y,,,YES,YES,YES,,,,,,27/08/2026,28/08/2026,,,Needs parameter change,,,,05/11/2024,05/11/2024,y,,,,12/08/2022,n/a
J93,,,09/09/2025,Y,,09/09/2025,Y,,09/09/2025,,,09/09/2025,,,09/09/2025,Y,,09/09/2025,Y,,09/09/2025,Y,,06/02/2026,Y,,,,ok,,,,10/10/2025,,TRUE,05/08/2026,06/08/2026,,,08/10/2025,10/10/2025,Y,,,,10/10/2025,y,y,,,YES,YES,YES,,,,,,,,,,,,,,,11/12/2024,y,,30/04/2025,,12/09/2022,n/a
J94,no lift,,08/09/2025,Y,,08/09/2025,Y,,08/09/2025,,,08/09/2025,,,08/09/2025,Y,,08/09/2025,Y,,08/09/2025,Y,,20/01/2026,Y,,,,,20/01/2026,,,08/10/2025,,TRUE,15/08/2026,16/08/2026,,,03/10/2025,07/10/2025,Y,,,,07/10/2025,y,Y,,,YES,YES,YES,,,,,,,,,,,,,,20/11/2024,20/11/2024,y,,,,15/07/2022,n/a
J95,,,20/06/2025,Y,,20/06/2025,Y,,20/06/2025,,,20/06/2025,,,20/06/2025,Y,,20/06/2025,Y,,20/06/2025,Y,,18/02/2026,Y,,,,ok,,,,10/10/2025,,TRUE,05/08/2026,05/08/2026,,,08/10/2025,10/10/2025,Y,60308153,,,10/10/2025,y,y,,,YES,YES,YES,,,,,,,,,,,,,,,14/02/2025,Y,,,,06/06/2024,n/a
J96,no lift ,,19/05/2025,Y,,19/05/2025,Y,,19/05/2025,,,19/05/2025,,,19/05/2025,Y,,19/05/2025,Y,,19/05/2025,Y,,06/02/2026,Y,,,,ok,,,,20/11/2025,,TRUE,,,--,,01/10/2025,02/10/2025,Y,,,,02/10/2025,y,y,,,YES,YES,YES,,,,,,,,,,,,,,,14/02/2025,Y,,,,25/08/2022,n/a
,,,,,,,,,,,,,,,,,,,,,,,,,,,,,,,,,,,,,,,,,,,,,,,,,TO DO,,0,0,0,,,,,,,,,,,,,,,,,,,,,
,,,,,,,,,,,,,,,,,,,,,,,,,,,,,,,,,,,,,,,,,,,,,,,,,,,,,,,,,,,,,,,,,,,,,,,,,,
,,,,,,,,,,,,,,,,,,,,,,,,,,,,,,,,,,,,10,GP577633,REAR R.COVER SUP. LOWER LEFT 2.6-114 HC,,3,PC,L,,SKL1,GBS1,10,N,441T5435,,,,,,,,,,,,,,,,,,,,,,,,,,
,,,,,,,,,,,,,,,,,,,,,,,,,,,,,,,,,,,,20,GP577631,REAR R.COVER SUP. LOWER RIGHT 2.6-114 HC,,3,PC,L,,SKL1,GBS1,10,N,441T5435,,,,,,,,,,,,,,,,,,,,,,,,,,
,,,,,,,,,,,,,,,,,,,,,,,,,,,,,,,,,,,,30,GP577632,REAR R.COVER SUP. UPPER LEFT 2.6-114 HC,,6,PC,L,,SKL1,GBS1,10,N,441T5435,,,,,,,,,,,,,,,,,,,,,,,,,,
,,,,,,,,,,,,,,,,,,,,,,,,,,,,,,,,,,,,40,GP577634,REAR R.COVER SUP. UPPER RIGHT 2.6-114 HC,,6,PC,L,,SKL1,GBS1,10,N,441T5435,,,,,,,,,,,,,,,,,,,,,,,,,,
,,,,,,,,,,,,,,,,,,,,,,,,,,,,,,,,,,,,50,GP026644,BOLT ISO 4017 M12X45 A4-70,,72,PC,L,,SKL1,GBS1,10,N,441T5435,,,,,,,,,,,,,,,,,,,,,,,,,,
,,,,,,,,,,,,,,,,,,,,,,,,,,,,,,,,,,,,60,P670144,ISO 10511 M12 A4-70 NUT,,72,PC,L,,SKL1,GBS1,10,N,441T5435,,,,,,,,,,,,,,,,,,,,,,,,,,
,,,,,,,,,,,,,,,,,,,,,,,,,,,,,,,,,,,,70,GP056114,SEALING SAFETY WASHER M12 FOR HEX. NUTS,,144,PC,L,,SKL1,GBS1,10,N,441T5435,,,,,,,,,,,,,,,,,,,,,,,,,,
,,,,,,,,,,,,,,,,,,,,,,,,,,,,,,,,,,,,80,GP027711,HEX.NUT ISO4032 M20 10 FLZNL NC 1000H,,24,PC,L,,SKL1,GBS1,10,N,441T5435,,,,,,,,,,,,,,,,,,,,,,,,,,
,,,,,,,,,,,,,,,,,,,,,,,,,,,,,,,,,,,,90,GP084203,WAS DIN7349 M20 HV300 FLZNL NC 1000H,,24,PC,L,,SKL1,GBS1,10,N,441T5435,,,,,,,,,,,,,,,,,,,,,,,,,,
,,,,,,,,,,,,,,,,,,,,,,,,,,,,,,,,,,,,100,GP276464,SCR ISO4017 M20X100 10.9 FLZNL NC 1000H,,12,PC,L,,SKL1,GBS1,10,N,441T5435,,,,,,,,,,,,,,,,,,,,,,,,,,
,,,,,,,,,,,,,,,,,,,,,,,,,,,,,,,,,,,,110,GP095923,WAS HARD THICK 24 300HV FLZNL NC 1000H,,18,PC,L,,SKL1,GBS1,10,N,441T5435,,,,,,,,,,,,,,,,,,,,,,,,,,
,,,,,,,,,,,,,,,,,,,,,,,,,,,,,,,,,,,,120,GP199478,SCR ISO4017 M24X70 10.9 FLZNL NC 1000H,,18,PC,L,,SKL1,GBS1,10,N,441T5435,,,,,,,,,,,,,,,,,,,,,,,,,,
,,,,,,,,,,,,,,,,,,,,,,,,,,,,,,,,,,,,,,,,,,,,,,,,,,,,,,,,,,,,,,,,,,,,,,,,,,
,,,,,,,,,,,,,,,,,,,,,,,,,,,,,,,,,,,,,,,,,,,,,,,,,,,,,,,,,,,,,,,,,,,,,,,,,,
,,,,,,,,,,,,,,,,,,,,,,,,,,,,,,,,,,,,,,,,,,,,,,,,,,,,,,,,,,,,,,,,,,,,,,,,,,
,,,,,,,,,,,,,,,,,,,,,,,,,,,,,,,,,,,,,,,,,,,,,,,,,,,,,,,,,,,,,,,,,,,,,,,,,,
,,,,,,,,,,,,,,,,,,,,,,,,,,,,,,,,,,,,,,,,,,,,,,,,,,,,,,,,,,,,,,,,,,,,,,,,,,
,,,,,,,,,,,,,,,,,,,,,,,,,,,,,,,,,,,,,,,,,,,,,,,,,,,,,,,,,,,,,,,,,,,,,,,,,,
,,,,,,,,,,,,,,,,,,,,,,,,,,,,,,,,,,,,,,,,,,,,,,,,,,,,,,,,,,,,,,,,,,,,,,,,,,
,,,,,,,,,,,,,,,,,,,,,,,,,,,,,,,,,,,,,,,,,,,,,,,,,,,,,,,,,,,,,,,,,,,,,,,,,,
,,,,,,,,,,,,,,,,,,,,,,,,,,,,,,,,,,,,,,,,,,,,,,,,,,,,,,,,,,,,,,,,,,,,,,,,,,
,,,,,,,,,,,,,,,,,,,,,,,,,,,,,,,,,,,,,,,,,,,,,,,,,,,,,,,,,,,,,,,,,,,,,,,,,,
,,,,,,,,,,,,,,,,,,,,,,,,,,,,,,,,,,,,,,,,,,,,,,,,,,,,,,,,,,,,,,,,,,,,,,,,,,
,,,,,,,,,,,,,,,,,,,,,,,,,,,,,,,,,,,,,,,,,,,,,,,,,,,,,,,,,,,,,,,,,,,,,,,,,,
,,,,,,,,,,,,,,,,,,,,,,,,,,,,,,,,,,,,,,,,,,,,,,,,,,,,,,,,,,,,,,,,,,,,,,,,,,
,,,,,,,,,,,,,,,,,,,,,,,,,,,,,,,,,,,,,,,,,,,,,,,,,,,,,,,,,,,,,,,,,,,,,,,,,,
,,,,,,,,,,,,,,,,,,,,,,,,,,,,,,,,,,,,,,,,,,,,,,,,,,,,,,,,,,,,,,,,,,,,,,,,,,
,,,,,,,,,,,,,,,,,,,,,,,,,,,,,,,,,,,,,,,,,,,,,,,,,,,,,,,,,,,,,,,,,,,,,,,,,,